"event","channel","filtering","station","epidistance","station_latitude","station_longitude","Dis_Max_EW","Dis_Max_NS","Dis_Max","Vel_Max_EW","Vel_Max_NS","Vel_Max","Acc_Max_EW","Acc_Max_NS","Acc_Max","Max_Sa_0.05_s","Max_Sa_0.1_s","Max_Sa_0.2_s","Max_Sa_0.3_s","Max_Sa_0.4_s","Max_Sa_0.5_s","Max_Sa_0.6_s","Max_Sa_0.7_s","Max_Sa_0.8_s","Max_Sa_0.9_s","Max_Sa_1_s","Max_Sa_2_s","Max_Sa_3_s","Dis_GM_max","Vel_GM_max","Acc_GM_max","GM_Sa_0.05_s","GM_Sa_0.1_s","GM_Sa_0.2_s","GM_Sa_0.3_s","GM_Sa_0.4_s","GM_Sa_0.5_s","GM_Sa_0.6_s","GM_Sa_0.7_s","GM_Sa_0.8_s","GM_Sa_0.9_s","GM_Sa_1_s","GM_Sa_2_s","GM_Sa_3_s","Dis_Res_max","Vel_Res_max","Acc_Res_max","Res_Sa_0.05_s","Res_Sa_0.1_s","Res_Sa_0.2_s","Res_Sa_0.3_s","Res_Sa_0.4_s","Res_Sa_0.5_s","Res_Sa_0.6_s","Res_Sa_0.7_s","Res_Sa_0.8_s","Res_Sa_0.9_s","Res_Sa_1_s","Res_Sa_2_s","Res_Sa_3_s","arias_ew_g","arias_ns_g","arias_ew_m","arias_ns_m","arias_ew_std","arias_ns_std","ew_m_time_5","ew_m_time_95","ns_m_time_5","ns_m_time_95"
"folkestone","Hchan","10Hz","CWF",249.564,52.7385,-1.3077,4e-04,4e-04,4e-04,0.0031,0.0033,0.0033,0.0873,0.0574,0.0873,0.0993273953325363,0.215241473833711,0.170308300418481,0.090088261242925,0.12028072969299,0.124047733670236,0.1162188933092,0.0657484342103237,0.0400762905396369,0.0460577279185189,0.035859492678738,0.00780431489952271,0.00317909045433793,3e-04,0.0032,0.0502,7.80909765464783,17.8645932325206,16.1004558371761,7.74265448641976,9.87591431183571,11.3696064371536,9.48238756886557,6.55232736632515,3.78926553068075,3.39092644647454,2.76514899978379,0.663067881139634,0.283201536775404,5e-04,0.0045,0.0902,11.6770165418648,26.1368696673981,22.8413042136311,11.2000235757355,14.5061289576582,16.2009863648914,13.9615773144648,9.26649927335795,5.37564380078897,5.23886739371935,4.17197957767813,0.962517932530692,0.405848460398042,8.35648766181391e-10,7.36625177241586e-10,8.03646629187225e-08,7.08415263232905e-08,53.01,56.84,60.21,113.22,60.02,116.86
"folkestone","Hchan","10Hz","HPK",370.225,53.9582,-1.6242,8e-04,6e-04,8e-04,0.0036,0.0055,0.0055,0.0486,0.0689,0.0689,0.0715218995296849,0.126833143562364,0.16473914394161,0.149871144583887,0.153332167340923,0.143684657324746,0.139611507569789,0.182908048168628,0.10567572902636,0.0925709015146352,0.0787720273104476,0.0105690423067793,0.00356180114868272,5e-04,0.0026,0.0391,6.02444363163819,11.1745243141256,14.4555250849844,13.7623991727957,13.5333691472665,13.7254062686314,12.502758807019,13.5110003191397,7.55108680919923,6.8087222129016,6.02797585228806,0.928303950933602,0.333684284203305,8e-04,0.0055,0.0704,8.76952452078453,16.0559888744704,20.7914551399927,19.6042522102476,19.4367071528228,19.4513355705139,17.8963705750544,20.8364892776106,11.8653538916221,10.5248708507894,9.12846481698872,1.33485739873708,0.473908031786846,1.38598953872974e-09,1.76684223063903e-09,1.33291146468004e-07,1.69917896181094e-07,54.26,59.48,98.83,153.09,93.11,152.59
"folkestone","Hchan","10Hz","MCH1",305.837,51.9973,-2.9983,3e-04,3e-04,3e-04,0.0019,0.0017,0.0019,0.0381,0.0297,0.0381,0.0424773520516823,0.081251587195089,0.0732980823593819,0.0572221997979231,0.0593293306397703,0.0553062292145685,0.0541760474914712,0.0454193982048415,0.028687351387976,0.0227643778050673,0.0166366934864345,0.00573499793693761,0.00304319012653553,2e-04,0.0011,0.0203,3.7893951881176,7.70068946026176,6.8726535843279,5.46070568623925,5.41613288527158,5.45826253696834,5.00471777752535,3.76946164049243,2.85435560516678,2.245663835628,1.59777695959019,0.52321548019609,0.263360446021998,3e-04,0.0019,0.0382,5.42873000624601,10.9217569326165,9.75968087315944,7.73949693861311,7.72310093533462,7.72048773188978,7.12217127144801,5.51505926505091,4.03677034086421,3.17643656181303,2.26328712406544,0.746160550773303,0.38020401646072,3.75977273038149e-10,3.8179073682584e-10,3.61578788070066e-08,3.67169618531324e-08,74.46,63.19,69.48,143.94,78.31,141.5
"folkestone","Hchan","10Hz","STNC",320.291,53.0913,-2.2062,8e-04,0.001,0.001,0.0056,0.0044,0.0056,0.0727,0.0547,0.0727,0.0772246526359592,0.102833086268167,0.187348040655113,0.178479927568509,0.169377750390174,0.239797870833137,0.146070905190683,0.124431313795026,0.107556966125256,0.107989584671601,0.107366038834514,0.0175380680130211,0.010879782672141,6e-04,0.004,0.0491,6.65345712573203,9.97930648948336,18.4406151607816,17.1226493038924,16.3218524473096,18.9076574354964,13.9324348372182,11.1583279350988,10.2816662788556,10.5308192142671,9.78404398622285,1.51353119063147,0.797082124730417,0.001,0.0056,0.0742,9.61754769726269,14.1255774245539,26.0855007365203,24.2567531447089,23.114248825696,28.2363179076225,19.747480938083,15.967318786743,14.5700022387997,14.9022415967,13.9559896353461,2.18676211478255,1.23479165013968,2.09521080676562e-09,1.71719208661873e-09,2.01497228313784e-07,1.65143022753959e-07,70.86,67.81,71.56,142.42,77.13,144.94
"folkestone","Hchan","10Hz","SWN1",212.155,51.5132,-1.8003,0.004,0.0015,0.004,0.0061,0.0069,0.0069,0.1142,0.133,0.133,0.139446224041821,0.218913346544068,0.377483096747479,0.233963938160569,0.258501539864672,0.299630028420062,0.216831952032518,0.151266447797699,0.224278831500649,0.137615860836155,0.109327666355556,0.035936136820569,0.0295728785364374,0.0013,0.0043,0.0894,12.931123544465,18.4762501256632,36.6447400750409,22.8746305681844,19.2320480783935,26.0496199777312,18.2461755638654,14.2637807879784,19.8523206806189,13.5367033651539,9.35312496424231,3.46278418099148,2.10059168998207,0.004,0.0072,0.1396,18.3913956825729,26.8775187228517,51.8691048478994,32.3660662665442,29.5458595394196,37.5590752711406,26.5688738436278,20.2415800661403,28.4921696732545,19.1489862074588,13.5481704545342,4.90384992914112,3.31237518096698,3.58858506004146e-09,4.70525310790398e-09,3.4511560403931e-07,4.52505999251238e-07,76.33,70.32,55.93,132.26,63.78,134.1
"folkestone","Hchan","35Hz","CWF",249.564,52.7385,-1.3077,4e-04,4e-04,4e-04,0.0032,0.0034,0.0034,0.1129,0.0697,0.1129,0.177205095170327,0.303293781604729,0.174168359481459,0.0901677181014147,0.121685868783549,0.124424694814447,0.115666741358744,0.065730076461062,0.0403987949939335,0.04604802151325,0.03585776004078,0.00782463423893226,0.00318057412382282,3e-04,0.0033,0.061,17.0384427169217,25.6948427237448,16.4142369503435,7.75047594054793,9.98167888852656,11.3835513329145,9.46678895282385,6.54983028740058,3.80578611220833,3.39483794268993,2.76597325776931,0.663379841890996,0.2836914405479,5e-04,0.0046,0.1157,24.1331097281306,37.3328085086267,23.2947857066134,11.2109156599128,14.6667828324538,16.2259704730007,13.9219778285081,9.26297440227344,5.40136067145633,5.24101505188954,4.17253330771175,0.963620717020548,0.406434619751112,1.83750741724254e-09,1.36404873757795e-09,1.76713794327909e-07,1.31181091191087e-07,52.64,58,61.46,114.1,59.28,117.28
"folkestone","Hchan","35Hz","HPK",370.225,53.9582,-1.6242,8e-04,6e-04,8e-04,0.0035,0.0055,0.0055,0.0516,0.0707,0.0707,0.0758339950236113,0.190000248909162,0.165131200789935,0.149918848817541,0.153448701635473,0.143716428816368,0.139536635041792,0.182947025980314,0.105687639891495,0.0925569081260836,0.0787898893119811,0.0105734557083965,0.00356372351075599,5e-04,0.0026,0.0393,7.17618914820304,14.7792120951372,14.511636322342,13.753924154918,13.5613965141274,13.7271511169629,12.4984807866553,13.5161159967727,7.55140483018438,6.80725056424576,6.02925472159848,0.928174755832948,0.333756977778725,8e-04,0.0055,0.0723,10.1795640378395,22.2072051143612,20.8642183581844,19.5952875393998,19.4707543308478,19.4539754539836,17.8894932335145,20.842512461404,11.8663448558413,10.522970230666,9.13046668378739,1.3348605970625,0.474031109645181,1.6864824699984e-09,1.99334454698408e-09,1.62189667124257e-07,1.91700710971284e-07,77.84,69.36,86.57,164.41,86.08,155.44
"folkestone","Hchan","35Hz","MCH1",305.837,51.9973,-2.9983,3e-04,3e-04,3e-04,0.002,0.0017,0.002,0.0451,0.0341,0.0451,0.0638227227201929,0.140251575317627,0.0732006587212881,0.0572727765648603,0.0590749740681224,0.055403621281933,0.0542059107209478,0.0454688410241042,0.0286745420797099,0.0227326453066513,0.0166448361182554,0.00573625213275593,0.00304300275743956,2e-04,0.0011,0.0245,6.19658991439016,12.2774343247838,6.84966302084037,5.44060917555624,5.41006866807914,5.46291854601883,5.00664371444019,3.76931898001509,2.85379842696999,2.24334787652048,1.59860372641077,0.523319763241166,0.263344124320516,3e-04,0.002,0.0452,8.77093961555044,17.6695732830652,9.72958975431598,7.71446202353478,7.71011300741741,7.72726432522927,7.12509857488871,5.51707039022152,4.03597241032103,3.17312975720559,2.26445314687933,0.746311894155594,0.38018049670267,5.2885304598153e-10,5.70051715698429e-10,5.08600006292832e-08,5.48220925254132e-08,71.3,64.23,69.35,140.65,74.76,138.99
"folkestone","Hchan","35Hz","STNC",320.291,53.0913,-2.2062,8e-04,0.001,0.001,0.0056,0.0045,0.0056,0.0768,0.0604,0.0768,0.115915223253324,0.149472562020391,0.188134110498269,0.178407825899162,0.16944268724197,0.239714181312524,0.146089550959614,0.12448919950154,0.107520606987905,0.108000283987463,0.107334599260926,0.0175287642129146,0.010879523275783,6e-04,0.004,0.0558,10.8448759352075,14.1299178149118,18.4521296345769,17.085559325457,16.3360557771771,18.8953085925588,13.931317844159,11.1577605669577,10.2780072063062,10.5348359612799,9.78579861809548,1.51371775487982,0.797224374741221,0.001,0.0057,0.0793,15.4049105182093,20.0458774414131,26.1050626362547,24.2078204107739,23.133536086947,28.2216776104028,19.7462855260826,15.9682786967473,14.5648403893661,14.907715469468,13.9572847154972,2.18662292636909,1.23487398086396,2.94748359962588e-09,2.56494885471074e-09,2.83460630265539e-07,2.46672116868594e-07,169.17,167.65,40.2,209.37,42.66,210.31
"folkestone","Hchan","35Hz","SWN1",212.155,51.5132,-1.8003,0.004,0.0015,0.004,0.0061,0.007,0.007,0.1161,0.1346,0.1346,0.140768260327625,0.280759972113058,0.378272730928578,0.234343825639305,0.258406992982988,0.299743670666425,0.216685901574052,0.151272218759792,0.224231381151585,0.13758463730201,0.10931075332779,0.0359355916312198,0.0295698258613544,0.0013,0.0044,0.0931,13.0720172236378,22.2233789282082,36.7678593948488,22.8855753300822,19.2148981422224,26.0633489042392,18.2352689731995,14.2661300971947,19.8515825823516,13.5348157562076,9.35387153226451,3.46315067803582,2.10031812085961,0.004,0.0072,0.1408,18.5879181671242,33.1315108469653,52.0395575032392,32.3832645821712,29.5277687187295,37.5773566161504,26.5523235607874,20.2446147130631,28.4899223694421,19.1462609857106,13.5482917956711,4.90432508243462,3.31199695491207,3.86809923131684e-09,4.97621317365374e-09,3.71996589286497e-07,4.78564332883346e-07,79.84,69.93,54.89,134.73,63.14,133.07
"rasen","Bchan","10Hz","CWF",98.559,52.7385,-1.3077,0.0169,0.0122,0.0169,0.2945,0.1875,0.2945,10.7761,5.2631,10.7761,12.1484256003287,27.4005991275572,24.0894568485726,7.55359270505526,5.81540491206611,5.88511453034246,4.14243005621596,2.6995236386125,1.92091821603294,1.51173094034859,1.11779918180149,0.254643299167225,0.0992688942555651,0.0085,0.159,5.2836,852.387632853058,2091.63890538403,1901.39728384821,715.754197603291,576.906710487314,404.510313075309,243.515273410795,158.875083056891,126.049174111195,102.642885162879,78.2191251258415,20.0913901273632,7.43634336584681,0.017,0.3067,10.8472,1354.08046254332,3171.31869440559,2838.19969738462,1015.16389326412,815.92150964781,650.884708121543,438.280440579077,285.686971218341,209.142595260554,166.464066134603,124.461355131637,29.9953702179581,11.3831124144195,5.14791264812054e-06,2.72078242777567e-06,0.00049507673731362,0.000261658691465013,6.42,11.3,43.62,50.04,43.44,54.74
"rasen","Bchan","10Hz","MCH1",238.518,51.9973,-2.9983,0.002,0.0019,0.002,0.0369,0.0437,0.0437,1.1853,1.025,1.1853,1.31938183731523,2.76309160993705,2.89696185790337,2.43091723400481,1.15830150937405,0.840026639180454,0.521393567536076,0.46516765525648,0.312053150428179,0.231742810170257,0.142741824475396,0.0404279405611916,0.0123187552622771,0.0014,0.0209,0.7225,123.444168284387,256.439727437336,285.046300415005,195.996481116996,104.321103274182,82.0733758626876,48.7651669420434,42.2060850411249,30.502304826324,19.9473920581017,14.2652677804557,3.32489758518714,1.14615026498867,0.0021,0.0437,1.1891,175.348904526836,364.678389526865,403.221886673802,289.940602439819,149.145166465094,116.131936509607,69.2728241687163,60.2520269413023,43.1591682867563,28.8418158217358,20.1741430396157,4.88073464612029,1.62932689615705,2.05214391057941e-07,2.07958587427333e-07,1.97355468360286e-05,1.99994572552549e-05,27.66,26.34,76.04,103.7,75.88,102.22
"rasen","Bchan","25Hz","CWF",98.559,52.7385,-1.3077,0.0172,0.0123,0.0172,0.3584,0.1974,0.3584,15.1259,8.3557,15.1259,21.8712968433955,37.5400842948627,24.4808238137784,7.74073179608409,5.88519027715581,5.89605452556927,4.14508428489658,2.66165550154354,1.94314563495829,1.52645183851777,1.1296648966507,0.262978507209005,0.103042531858306,0.0084,0.197,6.4253,1917.94838169184,3125.36267252934,1952.24745068051,739.768697974971,586.137251189388,408.165280493439,245.128805684631,158.966237872676,128.029901118946,103.042141616281,78.8935764007476,20.4126007569283,7.66740929399999,0.0172,0.3585,15.1535,2759.04194463531,4567.59569953361,2901.18165498581,1048.33980476372,828.936881891806,653.815511945782,439.125643795993,282.591694329295,211.83515565625,167.746408964246,125.686860520376,30.7021610209229,11.7783031302579,1.01813738693653e-05,6.56963238299801e-06,0.00097914663692978,0.000631804070473497,10.34,12.76,43.72,54.06,43.46,56.22
"rasen","Bchan","25Hz","MCH1",238.518,51.9973,-2.9983,0.002,0.0019,0.002,0.0376,0.0482,0.0482,1.4406,1.3693,1.4406,1.96808757161627,3.76559249118754,2.9205332483351,2.42292400471639,1.1604209832269,0.849250109469963,0.522193042840235,0.466187723478882,0.314441702682593,0.231624600333911,0.143259693416991,0.0406109884707316,0.0124430681707932,0.0014,0.0215,0.7327,183.503088831542,374.000019086678,288.749408355163,196.423157337091,104.195271181808,83.2047114881791,49.1018659207403,42.2307939550529,30.7742049225258,19.9573321937872,14.2818596250814,3.34924942390591,1.14628665659515,0.0021,0.0482,1.4527,260.783172012302,528.94049706412,408.40618574157,289.934847566806,149.059882057361,117.71850818757,69.7034725019827,60.3060417771061,43.5414829932158,28.8477423507828,20.1977916472331,4.91142980528305,1.63199576144555,3.02956417934401e-07,3.12389889281763e-07,2.91354351154237e-05,3.00426556794514e-05,26.82,26.36,76.12,102.94,75.9,102.26
"rasen","Hchan","10Hz","CWF",98.559,52.7385,-1.3077,0.0173,0.0124,0.0173,0.2877,0.1866,0.2877,11.0047,5.3746,11.0047,12.5358428674929,27.5765280780914,25.2004967368196,7.7341640840466,5.87725118990144,5.98203902162946,4.15597037024428,2.70268700813277,1.9256645762475,1.53915267214083,1.12007995807386,0.25562868359269,0.0997046182878412,0.0081,0.1593,5.1832,874.248731177889,2145.49277209853,1997.00705557492,728.784885150224,584.875863920582,408.555564833914,244.215953908507,159.691453239508,126.594683566521,103.633114215213,78.2472017404562,20.1723408631913,7.48434702314572,0.0173,0.2982,11.0107,1393.99000877595,3223.50066564541,2975.74027257453,1034.29664006252,827.158913495536,660.08060835495,439.676468177044,286.265866403444,209.781146116952,168.993517065123,124.634537106034,30.1141145841584,11.4443700602458,5.25684546230309e-06,2.79932484724213e-06,0.000505552847907994,0.000269212146122867,6.45,11.29,43.63,50.08,43.46,54.75
"rasen","Hchan","10Hz","HPK",105.701,53.9582,-1.6242,0.0198,0.0236,0.0236,0.4805,0.6869,0.6869,14.6777,17.9746,17.9746,20.1344574863901,31.3105475438136,61.9199031355865,29.0732677842658,8.83387170127596,8.11170685378748,5.65932859829767,5.6152597643485,3.9353995075723,2.58533467855427,2.24520915587785,0.317271116779929,0.135408004076653,0.0187,0.4164,13.3216,1806.75918165839,3058.14217606067,5921.79638576892,2458.46253773499,873.43797021259,777.810654389953,506.756296246661,547.545064132749,345.80781437313,249.299835865214,220.684499746851,31.0128333077733,12.2316520224698,0.0265,0.7154,19.9104,2585.06168042872,4327.26701298824,8391.35032985026,3574.12493795866,1235.38628579133,1101.92976315643,725.386072108671,774.837862023427,497.199832355598,353.029438629077,312.187712028268,43.8815080434508,17.476707952963,1.68296564140015e-05,2.21639725664916e-05,0.00161851452366719,0.00213151775761645,10.12,8.72000000000001,47.24,57.36,47.4,56.12
"rasen","Hchan","10Hz","MCH1",238.518,51.9973,-2.9983,0.002,0.0019,0.002,0.0374,0.0433,0.0433,1.199,1.0956,1.199,1.34698289235611,3.0376986189069,2.94494477590256,2.48219701454422,1.17556492844076,0.851734748847931,0.524957970524178,0.466144497973588,0.312263503163886,0.232719730040082,0.144459077335467,0.040470582300094,0.012419104304976,0.0014,0.0208,0.725,127.397579303833,272.431126506951,288.951687196101,198.584217852662,105.785012285471,82.8065956656821,49.4799222800297,42.2828059422135,30.553227575459,20.0103494383911,14.3635820957181,3.32748434984062,1.15054870257117,0.0021,0.0434,1.2044,180.72655822691,389.834671855078,408.78691648731,294.710048226952,151.264987137313,117.19920929461,70.2199921662174,60.3648215336493,43.2293066097451,28.9417693559987,20.313836097754,4.88503491689006,1.6366128052346,2.09142293499546e-07,2.11367311380136e-07,2.01132947230262e-05,2.03272755475044e-05,27.65,26.36,76.06,103.71,75.9,102.26
"rasen","Hchan","10Hz","STNC",129.869,53.0913,-2.2062,0.0191,0.0139,0.0191,0.1832,0.1717,0.1832,4.3807,4.6003,4.6003,4.9493834869878,12.0351422740493,10.4722740568943,9.65152080301173,5.67742021759962,5.64652716125154,4.92384362193785,4.26613207232827,2.81094900791187,2.40072918197246,2.4554006569513,0.395038088790496,0.109169200463814,0.0113,0.1507,3.2171,490.484347013764,1140.18678368664,982.630726729268,873.597275704009,507.033486879765,517.979494682621,428.465361912725,342.105204614599,264.371454950076,219.744481235379,183.960907535565,34.4478331023903,10.8238439277129,0.0191,0.2147,4.7829,693.706299063247,1617.17664018063,1395.27901710484,1247.70524063399,726.205059559879,737.97947674415,617.620454213494,507.207900446099,375.283441285929,313.19522736165,281.577195976728,49.6275108903286,15.3083491136216,2.20589240758126e-06,2.80516199782081e-06,0.000212141520390585,0.000269773507136783,22.44,18.11,52.74,75.18,53.2,71.31
"rasen","Hchan","10Hz","SWN1",232.518,51.5132,-1.8003,0.0085,0.0134,0.0134,0.0964,0.1081,0.1081,2.1599,2.558,2.558,2.77331938925837,4.3875031972195,8.30305109331591,5.59804149023502,3.4239485095815,3.89964442334157,3.20399568007833,2.3706067684501,1.84800706695342,1.09136046437567,1.01419612354539,0.311082525358497,0.0941786580410179,0.0086,0.0832,1.7635,256.217845421939,421.465734272177,798.057595798175,440.608917928296,329.847206624069,337.503235432627,307.732189246052,197.383512336345,153.476278686486,95.9403395937416,79.7556401556654,28.6512703400079,8.77296980062732,0.0139,0.1176,2.7966,364.616525460792,597.005145214582,1130.39439048223,658.518141247787,467.12446442657,487.231369178707,435.907014228309,288.457546646078,224.494377000056,137.927280859,119.246141372752,40.7929909888655,12.4692260344141,9.23755983482588e-07,1.20550956928464e-06,8.88379678593538e-05,0.000115934318462005,23.4,21.6,77.53,100.93,77.73,99.33
"rasen","Hchan","35Hz","CWF",98.559,52.7385,-1.3077,0.018,0.0126,0.018,0.3434,0.1926,0.3434,16.5148,9.3683,16.5148,28.8960852327505,39.2703257786705,25.5267268361283,8.07287833343952,5.95112811995934,6.00374303674365,4.15708528575887,2.66575699956384,1.94963639788914,1.56176277157748,1.13648061596305,0.265069054956298,0.103898136801903,0.0083,0.1935,7.6996,2530.22832731259,3379.64399561148,2055.08317761772,764.115960454271,593.04703716115,414.818605694424,246.163247721877,161.015874383961,128.656660429404,104.539276522421,79.391945484839,20.5251726336251,7.78791477076828,0.018,0.3468,16.8328,3641.21868278969,4886.84785319942,3041.95152442209,1083.88573462203,838.705304068374,665.278692696702,440.524040569374,283.762844591614,212.647450458774,171.136065400209,126.458883394205,30.9065306376927,11.9174597617101,1.27177034503671e-05,8.48975514221853e-06,0.00122306642724961,0.000816463013982101,12.24,13.74,43.73,55.97,43.48,57.22
"rasen","Hchan","35Hz","HPK",105.701,53.9582,-1.6242,0.0196,0.0235,0.0235,0.5038,0.7222,0.7222,17.827,19.7762,19.7762,23.882233595036,39.7876832569018,62.7240500698015,28.9009466205046,8.69506319104278,8.09611481322075,5.6320038212405,5.62344304933942,3.94059122707864,2.60731443113474,2.25225092669696,0.313444922508209,0.134683037045654,0.019,0.4277,13.8332,2326.02672785306,3944.4119111204,5960.20630608547,2467.63546674507,869.15631752411,777.626066871056,504.600355038131,547.921386898447,346.948671796823,250.666924619154,221.671765247616,31.1108617566139,12.1765321604064,0.027,0.7564,20.0148,3291.78887583193,5578.66036075209,8450.96602506201,3576.56228168178,1229.17285130747,1101.51567844327,722.209715934163,775.400909480977,498.592750796464,355.04577583897,313.570492716671,43.9998653062505,17.3949916057734,2.13365483581782e-05,2.51522091361962e-05,0.00205194405358794,0.00241889761667266,10.9,9.03,46.54,57.44,47.39,56.42
"rasen","Hchan","35Hz","MCH1",238.518,51.9973,-2.9983,0.002,0.0019,0.002,0.0372,0.0483,0.0483,1.5268,1.3938,1.5268,2.32000145618096,4.07113351753491,2.95962931395087,2.46846881235036,1.17885883283568,0.864416545710833,0.526079971414076,0.468878284389604,0.314956973567861,0.232179004532012,0.144272738656385,0.0406517300653796,0.0125145817707956,0.0014,0.0214,0.7792,222.27780390433,400.11605230913,292.585580765443,198.955536305374,105.794716589435,84.1771037640399,49.9925604778197,42.4877705856929,30.8484770878972,20.0056824129711,14.3787960908008,3.35379057940723,1.15198703100958,0.0022,0.0483,1.5385,314.924215037884,566.019617790048,413.832998879821,294.359193144156,151.365081319941,119.12828587338,70.8839250467152,60.6693208982954,43.6451417486148,28.9173880142743,20.3349188063327,4.91745315002808,1.64031794400649,3.29408598432739e-07,3.40980711749377e-07,3.16793514774717e-05,3.27922460613991e-05,26.83,26.65,76.13,102.96,75.71,102.36
"rasen","Hchan","35Hz","STNC",129.869,53.0913,-2.2062,0.0191,0.014,0.0191,0.1881,0.1758,0.1881,5.2345,5.3398,5.3398,8.24230902680878,17.0961419473146,10.5363143584545,9.71968433795688,5.67605130904743,5.63598572935548,4.90985415516628,4.27006381022181,2.80525779770336,2.39744905930838,2.45633749824039,0.395791309323409,0.109646526531875,0.0113,0.1567,4.4343,737.410080696,1560.28515455703,996.982876929903,874.359249900996,506.602886341407,517.598950258702,428.105556019829,342.327561987954,264.304301188558,219.577559690515,183.997658265009,34.542266385698,10.8554594038618,0.0191,0.2224,6.4864,1055.74916287679,2224.98433235483,1414.25071539471,1250.35487115457,725.686778388765,737.29539685866,616.768692221883,507.594761953109,375.108102903434,312.924145906169,281.660110469975,49.7525156791169,15.3534757181569,3.14818642187232e-06,3.98630339118592e-06,0.000302762297795518,0.000383364328757805,23.38,19.51,49.98,73.36,51.7,71.21
"rasen","Hchan","35Hz","SWN1",232.518,51.5132,-1.8003,0.0085,0.0134,0.0134,0.0973,0.1086,0.1086,2.3185,2.8425,2.8425,3.23302986138015,5.78871662589141,8.3402695665599,5.5873510505624,3.42905582754493,3.89990454949774,3.20536527906927,2.37208073881055,1.84767693988355,1.09093894187089,1.01423654708204,0.311156365823815,0.0941496609127065,0.0086,0.0845,1.7608,283.757334898428,525.625038840213,803.057710815462,441.715574508928,330.164119667669,337.395781127223,307.882657064552,197.563083261072,153.448446303111,95.9173481742979,79.7377498378366,28.6542400831617,8.77103760280532,0.0139,0.1195,3.0446,408.105540720644,750.256620097013,1137.32080781429,658.884280551695,467.591880040441,487.129059865418,436.11799776017,288.690850824596,224.453881634465,137.889131235608,119.233470824557,40.7981094463367,12.4663258263542,9.86044172916325e-07,1.26964694373997e-06,9.48282469697202e-05,0.000122102434406396,23.29,22.18,77.06,100.35,77.02,99.2
"swansea","Bchan","10Hz","CWF",203.161,52.7385,-1.3077,5e-04,6e-04,6e-04,0.0108,0.0117,0.0117,0.3717,0.3676,0.3717,0.457414911098759,1.42349964162423,1.10723215875336,0.440069862170017,0.468026595580671,0.203455731557598,0.105222192780746,0.0847408498972881,0.071004883999167,0.0556425425105137,0.0552086968046241,0.00780025566085932,0.00329894894581311,4e-04,0.01,0.3434,44.3291444210662,135.74460964699,101.928529950343,34.4838097976023,40.4734968746301,20.1160285404844,9.96310349282243,6.84644672178729,5.87555364854387,4.50298939754142,3.98253364037485,0.754166005123727,0.291223997631708,7e-04,0.0142,0.4887,62.7525339938789,192.405084721258,145.134937402932,51.6408199417921,58.4423236319436,28.4520227791242,14.1319405105515,10.1196277899719,8.60554307266479,6.65136612041704,6.22360109543842,1.0677638556211,0.418239098068857,2.30821392259655e-08,2.39737163109737e-08,2.21981819803835e-06,2.30556150886756e-06,28.94,22.64,62.46,91.4,68.8,91.44
"swansea","Bchan","10Hz","HPK",285.216,53.9582,-1.6242,0.0016,0.001,0.0016,0.0201,0.0204,0.0204,0.5639,0.5533,0.5639,0.611225284601723,1.00708078722181,2.28594917354327,1.2118052624637,0.664390205359856,0.501289286137392,0.435834661832524,0.30859341179779,0.232224618957952,0.170654817971888,0.0973137569657143,0.0361887839795695,0.0104074344001317,9e-04,0.0178,0.3917,61.1033199144821,100.193217694449,208.472291560333,106.443983382891,62.4509275825172,38.5970451226687,31.3430802003053,27.0642075714725,22.3449109329314,14.9563346163369,9.65115187997884,2.90374969610154,0.802625681449818,0.0016,0.0255,0.6156,86.4131522660308,141.698329762721,297.324123336719,153.058423640564,88.6571751833713,58.2758052053849,49.0671791433143,38.931830399753,31.6473564051491,21.5185190266319,13.649725157549,4.3040552905502,1.21090602029472,6.23337520853339e-08,8.08012485986785e-08,5.99466088807662e-06,7.77068712339265e-06,25.52,23.08,87.92,113.44,87.76,110.84
"swansea","Bchan","10Hz","MCH1",62.603,51.9973,-2.9983,6e-04,0.0011,0.0011,0.0146,0.019,0.019,0.4463,0.6442,0.6442,0.709983952295968,1.86351566359112,1.2915870931463,0.709285438900149,0.348035606105945,0.295433602309298,0.170981445671732,0.125599077730062,0.12256913504941,0.0711054605803462,0.0535650649755696,0.010934366211045,0.00482473816258477,8e-04,0.0135,0.5007,60.5751293254921,173.178746653587,123.220718825842,67.7992285194726,33.0145833239915,23.3566285272816,16.8030925133063,10.6922745661558,10.3111480163798,7.02754794274025,4.89037772064875,0.907030334862343,0.409990062867116,0.0013,0.0207,0.7174,87.8169219221241,246.226831060089,174.646272135054,96.0777400021122,46.8196283779501,34.8394000552057,23.7703612874873,15.5114197974262,15.0158211055429,9.93982365177224,6.97328528438109,1.32729521577267,0.595113953365477,4.28975651660948e-08,4.75028214121599e-08,4.12547532423307e-06,4.56836458686021e-06,31.4,23.84,27.74,59.14,33.32,57.16
"swansea","Bchan","10Hz","STNC",183.88,53.0913,-2.2062,0.0036,0.0033,0.0036,0.045,0.0493,0.0493,1.3382,1.0055,1.3382,1.45463687626071,2.27410865758586,4.02852268669834,2.37821212705322,2.05195516652143,1.13050943675984,1.0888312879972,0.682413530938263,0.589069301178353,0.413122119167722,0.302727081666644,0.0979637889537963,0.0258530577264493,0.0024,0.0304,0.8433,124.830700900845,207.301857556392,337.864206369694,226.972756211394,179.968962780963,95.3762132034792,82.4693029538867,61.9326910657009,54.7305784419411,41.1870540373,30.1254293126251,7.7507599045445,2.01387797334009,0.0038,0.0505,1.4398,180.652462227902,295.678445422946,492.526998576869,321.687411988906,258.881915127967,138.762749242899,125.527622336163,88.4089151836774,77.8189013544184,58.2478266447745,42.6048040153055,11.5574250437237,3.02403535953855,1.7339846345241e-07,1.5652084329159e-07,1.66757968538094e-05,1.5052669638182e-05,18.22,17.78,67.32,85.54,66.34,84.12
"swansea","Bchan","10Hz","SWN1",143.377,51.5132,-1.8003,0.0043,0.0072,0.0072,0.0785,0.1055,0.1055,2.3471,2.5598,2.5598,2.71791731659966,6.11727675669672,7.16721228104704,5.7431736521162,1.80057250718587,1.22315282449019,1.31399389050105,1.20913234797478,0.769556747035645,0.764338981044665,0.798407068370521,0.0805167358314346,0.0459368252323957,0.0053,0.0752,1.7254,269.995426433859,584.256830520014,687.652496050288,392.043621163626,141.776583403533,116.947218466158,126.41359130181,108.968362393606,73.3267410680482,59.2110242805755,58.8327149485054,7.82246790380686,4.14416763198083,0.0081,0.1072,2.6977,381.847983205672,828.007634902936,974.15408481445,633.608972213386,211.855783966204,165.721347860377,179.043256723683,155.768866043048,103.941540325938,89.1409257818299,90.8513694048561,11.0718656833253,5.92278214953493,4.57042686224955e-07,6.12390784050144e-07,4.39539707403374e-05,5.88938569964204e-05,11.48,11.2,56.4,67.88,57,68.2
"swansea","Bchan","25Hz","CWF",203.161,52.7385,-1.3077,5e-04,6e-04,6e-04,0.0117,0.0142,0.0142,0.6537,0.79,0.79,1.47551512827961,2.78006392053692,1.14401002199179,0.447740918310069,0.464728974658822,0.205031736488778,0.107782097695636,0.0851188616724994,0.0725127328575098,0.0563942264175574,0.0552969193229962,0.00770902708534019,0.0032539887329351,4e-04,0.0099,0.4581,143.651925590772,247.955137279318,105.404646819442,35.4419362198197,40.5800360288078,20.0991390999028,10.1632608595065,6.83589350288851,6.09480028100272,4.68769243632155,3.99243026969933,0.766899720986981,0.292482420124784,7e-04,0.0154,0.8335,203.300225324961,355.240607450209,150.063516393372,52.8374339377852,58.4407993920754,28.4357337986243,14.4225974896742,10.1287341123196,8.87827212061877,6.8546642447923,6.23590157827743,1.08458938190738,0.418328313954972,6.90901194906939e-08,6.51245381295931e-08,6.64442333739847e-06,6.26305185423582e-06,27.94,22.12,62.26,90.2,68.22,90.34
"swansea","Bchan","25Hz","HPK",285.216,53.9582,-1.6242,0.0016,0.001,0.0016,0.0207,0.0198,0.0207,0.5622,0.5878,0.5878,0.669121998322197,1.18214920618563,2.28960688474817,1.21254668412216,0.66457978674934,0.502105715971735,0.436138466809195,0.307618411158779,0.23204226844734,0.170755609001889,0.0972252427367327,0.0362261452922988,0.0104566972814899,9e-04,0.0182,0.4456,61.0100790371907,116.88125199806,209.456895384714,106.474533850304,62.4348557376973,38.6647294790975,31.3348590574256,26.9885281634294,22.3459109854164,14.9547144194618,9.65283763994761,2.90606436353516,0.804911879440626,0.0016,0.0261,0.678,87.0159748213725,165.316329458506,298.561750403185,153.114977856147,88.6403100210102,58.3745046087692,49.0815391646901,38.8193417089285,31.6467740223405,21.5200754614441,13.6518802710335,4.30790548558001,1.21544763401743,6.91278319236288e-08,8.77040950422971e-08,6.64805015656378e-06,8.43453651810437e-06,25.98,23.56,87.86,113.84,87.62,111.18
"swansea","Bchan","25Hz","MCH1",62.603,51.9973,-2.9983,7e-04,0.0011,0.0011,0.0165,0.0216,0.0216,0.8908,0.8465,0.8908,2.10338500425009,3.28030702165772,1.2461486276071,0.734751671225897,0.35637733139735,0.301338397132425,0.1737762352326,0.126723588795565,0.122548093925844,0.0715733916102467,0.0543122750417597,0.0111168058725188,0.00490362507000721,8e-04,0.0153,0.6692,199.282828123691,320.244117433211,123.913314199322,69.6699395326202,33.6290087324992,23.8571340837651,16.8535833930206,10.8367098725869,10.4165577363792,7.07927916002171,4.96681340129526,0.936929801471753,0.427876231369572,0.0013,0.0227,0.9647,282.649681698442,453.154929797781,175.245474936446,98.806676027525,47.7185859393105,35.564004613721,23.8569097490862,15.6992128089311,15.1186813483218,10.0128165471526,7.08018360003005,1.36359057470476,0.616317677643551,1.5361734233443e-07,1.57512867835586e-07,1.47734388355415e-05,1.51480730197362e-05,23.28,20.34,30.94,54.22,33.94,54.28
"swansea","Bchan","25Hz","STNC",183.88,53.0913,-2.2062,0.0036,0.0033,0.0036,0.0489,0.05,0.05,1.3204,1.0356,1.3204,1.48226563342667,3.05495266762362,4.00396262135372,2.38371366194155,2.05624682947468,1.12168396432354,1.08873378441289,0.681984234373507,0.589328842861089,0.413936539279741,0.303584299011058,0.0979230576910194,0.0257977900228854,0.0024,0.0319,0.8606,134.690586410256,298.854881584719,335.600727351936,226.272955145484,181.059921628734,94.920638797896,82.4968930547547,61.9061239176171,54.8057893815626,41.199227470451,30.1465077072844,7.75723181385648,2.00619680993899,0.0038,0.0515,1.4346,192.225387355434,422.848727486629,489.327875606544,320.866089945651,260.191008168909,137.963243436946,125.542759156633,88.3676037695679,77.9152937129992,58.2657977335624,42.6356921617105,11.5607716030294,3.01484787031647,2.24849268758236e-07,2.09737228153625e-07,2.16238405686278e-05,2.01705098172963e-05,21.94,23.62,63.74,85.68,61.42,85.04
"swansea","Bchan","25Hz","SWN1",143.377,51.5132,-1.8003,0.0042,0.0071,0.0071,0.0769,0.1066,0.1066,2.6672,2.6015,2.6672,3.20269524168556,8.82933434914064,7.22514314098485,5.78868831607849,1.78329022541911,1.2170575877221,1.31588256563502,1.21206682559264,0.771763828823776,0.765520214938967,0.796468061130294,0.0808415675523801,0.0458302841433603,0.0053,0.0742,2.1024,311.094455830898,805.194791193443,692.722239311508,393.69386307438,141.261327752113,116.663008366,126.296018576584,109.059743446241,73.4281423157046,59.336219562036,58.84216467226,7.84023406619372,4.14110788910497,0.0081,0.1078,2.9775,440.325641935335,1148.37667567094,981.393697835976,637.794410837122,210.529167533307,165.281763889198,178.910422738582,155.950577145025,104.100361164033,89.3055637918513,90.7382079490909,11.0981713248879,5.91652049549278,5.35123488337217e-07,6.99635810743682e-07,5.14630314798747e-05,6.72842447350402e-05,11.76,10.8,55.88,67.64,57,67.8
"swansea","Hchan","10Hz","CWF",203.161,52.7385,-1.3077,5e-04,6e-04,6e-04,0.0105,0.0116,0.0116,0.4035,0.3855,0.4035,0.483144487336728,1.62121996510619,1.15185669863664,0.450625643100672,0.475524128072096,0.204120769265949,0.106001766024789,0.084780584275304,0.0711114751490553,0.0557691685557088,0.0553093470211268,0.00780837936335292,0.00330264288348417,4e-04,0.0109,0.3582,47.2733419137841,146.278515069093,107.345882111709,34.9911363779178,40.8927187289743,20.1676672545216,10.0051772978673,6.87232496018256,5.90568207429735,4.51598074084756,3.98851799785565,0.764163395096367,0.291293725531642,7e-04,0.0155,0.5137,66.8863244774613,209.05297425144,152.563683743587,52.6201432990001,59.142702436401,28.5255271086672,14.1966499783396,10.1444735887367,8.63847039014067,6.66893760704784,6.23409773863249,1.0811937509349,0.41842946444482,2.36281798197724e-08,2.46113702372288e-08,2.27233113174583e-06,2.36688493195649e-06,28.99,22.66,62.43,91.42,68.79,91.45
"swansea","Hchan","10Hz","HPK",285.216,53.9582,-1.6242,0.0016,0.001,0.0016,0.0204,0.0202,0.0204,0.5663,0.5556,0.5663,0.615911042642509,1.11458756274454,2.31401324196269,1.23611649126339,0.667343893950541,0.503255680049944,0.436666309515723,0.309518527632052,0.232477876718492,0.170968971123912,0.0977139558793949,0.0362175673969548,0.0104196587053529,9e-04,0.0179,0.4067,61.4419975411993,105.884615617226,213.856369259604,107.885178379925,63.1831309592307,38.8541529850874,31.4062424460284,27.1242767556315,22.4148192896004,14.9905400530647,9.67047253726138,2.90540084309553,0.803687757895683,0.0017,0.0257,0.6191,86.8926167162686,150.13743699078,304.316951322765,155.389356817632,89.6214989474554,58.5876910584094,49.1630243179875,39.0260348228955,31.7415349813736,21.5652600257888,13.6775875184267,4.30690678563043,1.21242242416187,6.33396984941887e-08,8.20975674220729e-08,6.09140314072343e-06,7.89535460271335e-06,25.52,23.07,87.95,113.47,87.78,110.85
"swansea","Hchan","10Hz","MCH1",62.603,51.9973,-2.9983,7e-04,0.0011,0.0011,0.0148,0.0193,0.0193,0.4568,0.6465,0.6465,0.714898661599352,1.95668485247823,1.32723634881051,0.715434075697808,0.355956628685982,0.30051149398302,0.171410268578664,0.12573112123536,0.123538087854957,0.0712246348414684,0.0537349221078267,0.0111194799730723,0.00492064726930907,8e-04,0.0133,0.5228,61.9175917702881,182.026254646087,125.82538693587,68.38631888051,33.4926696649541,23.6084148081747,16.8396217590259,10.7453089377964,10.3629915355743,7.0328658794888,4.90504479603244,0.918689306969185,0.415074806017638,0.0013,0.0206,0.7712,89.3681026428099,258.767381906385,178.450650986108,96.9097834143944,47.5413341852216,35.3137514103021,23.822316020454,15.5696721818072,15.1057852273365,9.94756820580801,6.99441538957924,1.34630558111228,0.603920014356935,4.4509315185957e-08,4.90260897838619e-08,4.28047794291384e-06,4.71485789144078e-06,31.19,23.8,27.8,58.99,33.37,57.17
"swansea","Hchan","10Hz","STNC",183.88,53.0913,-2.2062,0.0036,0.0033,0.0036,0.045,0.0497,0.0497,1.3328,1.0307,1.3328,1.4450572701459,2.30682821409414,4.23617806225668,2.38925464505693,2.04134768918065,1.13302983978447,1.09098535176022,0.686534373998928,0.584107747269178,0.411638525100116,0.300064269697011,0.0972229984350037,0.0256377615074111,0.0024,0.0305,0.8419,125.50000394018,211.58789036717,353.718669504834,226.945411485464,180.015395184259,95.8585410190314,82.2816383404895,61.830962402902,54.6685195629754,41.1208204989472,30.0020777465852,7.72596002345051,2.01045378387624,0.0038,0.051,1.435,181.00162372538,301.461621186637,516.416101502573,321.798231204877,258.594743078105,139.336853832746,125.512922077707,88.3984046372886,77.6516612375801,58.1536856638341,42.4293461400984,11.4985685048345,3.00972787789383,1.73172718821957e-07,1.58964935154177e-07,1.66540869059626e-05,1.5287718891682e-05,18.23,17.79,67.32,85.55,66.36,84.15
"swansea","Hchan","10Hz","SWN1",143.377,51.5132,-1.8003,0.0043,0.0073,0.0073,0.0792,0.1057,0.1057,2.3622,2.5815,2.5815,2.74491238975132,6.23853488359063,7.480123011036,5.77924237474141,1.82397655897488,1.22815912895524,1.31772763603444,1.21553909564478,0.770115090413408,0.765167052990669,0.800749739331445,0.0806297905296947,0.0459776289793361,0.0053,0.073,1.6972,272.414454054766,590.895967257859,716.053569005897,395.175631316998,143.051466763082,117.397750839029,126.776435164867,109.315495603502,73.3804559348258,59.2943402081388,58.9681800316283,7.83872224793895,4.14775982011832,0.0081,0.1075,2.7056,385.274436494962,838.113585192239,1014.582763504,637.975354873756,214.140495708446,166.36335679009,179.556765530726,156.333195024603,104.017611705226,89.2527869017267,91.0918316093103,11.0944464173111,5.92794185800268,4.62985816798867e-07,6.21371908782332e-07,4.45255238911151e-05,5.97575752126651e-05,11.5,11.16,56.4,67.9,57.02,68.18
"swansea","Hchan","35Hz","CWF",203.161,52.7385,-1.3077,5e-04,6e-04,6e-04,0.0129,0.0142,0.0142,0.8045,0.8491,0.8491,1.62194302444448,2.9441294094487,1.17660805634314,0.462625905047241,0.474841877299067,0.206139891190611,0.108102610633374,0.086004050699959,0.0728630623999199,0.0572317470338917,0.0552742074905705,0.00795785956560367,0.0033229213272953,4e-04,0.0116,0.4824,162.067603977426,271.162016721204,111.122720148073,36.2626231820162,41.1433372107475,20.1886904029852,10.1895986011373,6.90455040098432,6.13917133948252,4.74638200492849,3.99990424092296,0.785142411616071,0.2964814057954,7e-04,0.0164,0.8875,229.198343532028,386.073435281604,157.664627834065,54.2969916705768,59.3768884650247,28.5635275499656,14.4606198999633,10.231950455338,8.9356836775033,6.94616437428476,6.23944151252691,1.1105603598185,0.424728337012353,8.64758809257577e-08,7.78200497890255e-08,8.31641869460928e-06,7.48398408842466e-06,29.65,23.83,60.7,90.35,66.69,90.52
"swansea","Hchan","35Hz","HPK",285.216,53.9582,-1.6242,0.0016,0.001,0.0016,0.0208,0.0196,0.0208,0.566,0.6,0.6,0.730584684294651,1.35191463330285,2.33004448707649,1.23609669894279,0.668183909569708,0.504402552133515,0.437727578384719,0.308269246213481,0.232266183769673,0.171301109703923,0.0974216294419657,0.0362354624266902,0.0104379028846506,9e-04,0.0183,0.4564,66.7596199739903,128.152421429374,215.211318949769,108.104901123175,63.1459454472279,38.9498994731966,31.4207354761289,27.0505521632301,22.4058245254217,14.9879642413752,9.66499762251151,2.90774212161149,0.80312477361794,0.0017,0.0264,0.6932,95.1788204927874,181.752836780096,306.27331881581,155.621648334578,89.5870748552193,58.7269017350287,49.2417449276866,38.9067435150299,31.7276278075048,21.5733569793358,13.6692350828841,4.30982151079748,1.21299604844886,7.17778644185608e-08,9.11385006388026e-08,6.90290479980351e-06,8.76482462389621e-06,26,23.62,87.87,113.87,87.61,111.23
"swansea","Hchan","35Hz","MCH1",62.603,51.9973,-2.9983,7e-04,0.0011,0.0011,0.0179,0.0226,0.0226,1.0187,1.1361,1.1361,2.55527754990599,3.44792679702464,1.31526889237059,0.74651467968616,0.359230178942287,0.305494746224336,0.175359915121265,0.126931060454978,0.122983378523362,0.0717364357013814,0.0546592089764682,0.0112040472001845,0.00494433604417431,9e-04,0.0157,0.7668,251.390490856924,336.465333519516,128.326807452975,71.1653321783566,33.8734965663187,24.0919334293806,17.0606737914152,10.9467510700958,10.4506629151103,7.09503674066756,4.9851756143465,0.942138054523194,0.433723945077037,0.0013,0.0237,1.2484,355.614568775761,476.118222047094,181.591603770527,100.873078333732,48.0695823503555,35.9756454147102,24.1456530026645,15.8190104706415,15.1695019483437,10.0351152831779,7.10977455311063,1.37220385818898,0.623875743747024,1.86722224331828e-07,1.91964537765991e-07,1.79571480568717e-05,1.846130335405e-05,23.12,20.22,30.49,53.61,33.93,54.15
"swansea","Hchan","35Hz","STNC",183.88,53.0913,-2.2062,0.0036,0.0033,0.0036,0.0481,0.051,0.051,1.328,1.1536,1.328,1.59367854381467,3.16066930057209,4.20366648485359,2.39710295064633,2.04631281663886,1.12394794932601,1.09157766716717,0.685513147087796,0.584272944571254,0.410910508105367,0.300810042766218,0.0971372419189397,0.0255431392489221,0.0024,0.0325,0.8611,147.535357412821,308.641003411721,352.323087353262,226.370032666544,181.090974957176,95.5090503222598,82.3278041036124,61.7755765171749,54.8031383484407,41.088555371185,30.0179397623336,7.73027625252695,2.00259227729408,0.0038,0.0523,1.4398,209.887080901023,436.730996766523,513.71820772609,321.184634336313,259.916927649628,138.63462870706,125.582179204319,88.3084548026206,77.8209332834879,58.1079924785672,42.4519645051609,11.4978884445102,2.99825719462537,2.3388424785541e-07,2.22809697777698e-07,2.24927379798452e-05,2.14276942437803e-05,23.07,24.98,62.71,85.78,60.18,85.16
"swansea","Hchan","35Hz","SWN1",143.377,51.5132,-1.8003,0.0043,0.0072,0.0072,0.0784,0.106,0.106,2.7521,2.6369,2.7521,3.31338207352037,9.18192342179156,7.52906725822918,5.83005162535085,1.80636520910224,1.22228308949362,1.31854800801807,1.22390334215167,0.773199008357591,0.765874637795467,0.79701137580337,0.0808430705725435,0.0459709825047058,0.0053,0.0722,2.1437,322.610180213897,842.41786909379,721.964729595858,396.796458244759,142.53519417085,117.12365630819,126.584170836848,109.65388443905,73.5229968723984,59.3897644615323,58.9388800342281,7.85257707240595,4.14809956230406,0.0082,0.1072,3.0326,456.564778263626,1200.18604596023,1022.80985618967,642.517237602753,212.78902283452,165.939218137265,179.314877900555,156.942824250174,104.240736060139,89.3677378235612,90.8402041756528,11.11461271008,5.92815497074497,5.62218242085134e-07,7.27674105269311e-07,5.40687443582259e-05,6.99806982925135e-05,12.12,10.75,55.52,67.64,57.02,67.77
