"longitude","latitude","pga_cms2","pga_g"
-5.2,50,41.89,0.0427159121616454
-5.4,50.2,30.235,0.0308311196993877
-5.2,50.2,30.235,0.0308311196993877
-5,50.2,29.875,0.0304640218627156
-5,50.4,24.115,0.0245904564759627
-4.8,50.4,24.115,0.0245904564759627
-4.6,50.4,24.115,0.0245904564759627
-4.4,50.4,24.265,0.0247434139079094
-4.2,50.4,25.23,0.0257274400534331
-4,50.4,27.445,0.0279861114651792
-3.8,50.4,29.515,0.0300969240260436
-3.6,50.4,30.515,0.0311166402390215
-4.8,50.6,26.515,0.0270377753871098
-4.6,50.6,26.515,0.0270377753871098
-4.4,50.6,27.84,0.0283888993693055
-4.2,50.6,29.515,0.0300969240260436
-4,50.6,30.995,0.0316061040212509
-3.8,50.6,43.785,0.0446482743852386
-3.6,50.6,46.745,0.0476666343756533
-2.4,50.6,16.085,0.01640213528575
-2.2,50.6,18.46,0.0188239612915726
-2,50.6,17.95,0.0183039060229538
-4.4,50.8,30.26,0.0308566126047121
-4.2,50.8,44.12,0.0449898793165862
-4,50.8,58.665,0.0598216516343502
-3.8,50.8,51.23,0.0522400615908593
-3.6,50.8,55.475,0.0565687569149506
-3.4,50.8,52.435,0.0534688196274977
-3.2,50.8,47.04,0.0479674506584817
-3,50.8,36.305,0.0370207971121637
-2.8,50.8,25.075,0.0255693840404216
-2.6,50.8,20.555,0.0209602667577613
-2.4,50.8,18.965,0.0193389179791264
-2.2,50.8,18.025,0.0183803847389272
-2,50.8,16.185,0.0165041069070478
-1.8,50.8,24.26,0.0247383153268445
-1.6,50.8,34.415,0.0350935334696354
-1.4,50.8,55.19,0.0562781377942519
-1.2,50.8,55.19,0.0562781377942519
-1,50.8,55.19,0.0562781377942519
-0.8,50.8,55.19,0.0562781377942519
-0.6,50.8,59.44,0.0606119316994081
-0.4,50.8,55.19,0.0562781377942519
-0.2,50.8,55.19,0.0562781377942519
0,50.8,32.71,0.033354917326508
0.2,50.8,33.52,0.0341808874590202
-4.4,51,57.53,0.0586642737326202
-4.2,51,79.995,0.0815721984571694
-4,51,78.505,0.0800528212998323
-3.8,51,64.165,0.0654300908057288
-3.6,51,59.765,0.0609433394686259
-3.4,51,58.99,0.060153059403568
-3.2,51,66.95,0.0682700004588723
-3,51,55.365,0.056456588131523
-2.8,51,40.515,0.0413138023688008
-2.6,51,30.99,0.031601005440186
-2.4,51,25.84,0.0263494669433497
-2.2,51,26.745,0.0272723101160947
-2,51,23.895,0.0243661189091076
-1.8,51,27.94,0.0284908709906033
-1.6,51,27.94,0.0284908709906033
-1.4,51,36.24,0.0369545155583201
-1.2,51,53.94,0.0550034925280294
-1,51,53.94,0.0550034925280294
-0.8,51,53.94,0.0550034925280294
-0.6,51,53.995,0.0550595769197432
-0.4,51,53.995,0.0550595769197432
-0.2,51,30.98,0.0315908082780562
0,51,31.185,0.0317998501017167
0.2,51,32.96,0.0336098463797525
0.4,51,50.79,0.051791386457149
0.6,51,58.995,0.0601581579846329
0.8,51,69.11,0.0704725874789046
1,51,88.15,0.0898879841740044
-4.2,51.2,81.025,0.0826225061565366
-4,51.2,81.025,0.0826225061565366
-3.8,51.2,82.185,0.083805376963591
-3.6,51.2,87.69,0.0894189147160345
-3.4,51.2,64.535,0.0658073858045306
-3.2,51.2,68.67,0.0700239123451943
-3,51.2,63.375,0.0646245149974762
-2.8,51.2,63.375,0.0646245149974762
-2.6,51.2,50.14,0.0511285709187133
-2.4,51.2,41.71,0.0425323632433094
-2.2,51.2,34.76,0.0354453355631128
-2,51.2,29.32,0.0298980793645129
-1.8,51.2,27.175,0.0277107880876752
-1.6,51.2,27.175,0.0277107880876752
-1.4,51.2,35.575,0.0362764042766898
-1.2,51.2,52.67,0.0537084529375475
-1,51.2,52.67,0.0537084529375475
-0.8,51.2,52.67,0.0537084529375475
-0.6,51.2,52.67,0.0537084529375475
-0.4,51.2,52.67,0.0537084529375475
-0.2,51.2,29.32,0.0298980793645129
0,51.2,29.345,0.0299235722698373
0.2,51.2,33.075,0.033727113744245
0.4,51.2,46.635,0.0475544655922257
0.6,51.2,53.39,0.0544426486108916
0.8,51.2,60.39,0.0615806621017371
1,51.2,67.795,0.0691316606588386
1.2,51.2,115.65,0.117930180030897
1.4,51.2,117.8,0.1201225698888
-3.4,51.4,93.07,0.0949049879418558
-3.2,51.4,98.68,0.100625595896662
-2.8,51.4,82.985,0.0846211499339734
-2.6,51.4,65.745,0.0670412424222339
-2.4,51.4,58.255,0.0594035679870292
-2.2,51.4,45.055,0.0459433139757206
-2,51.4,39.23,0.0400034670351241
-1.8,51.4,30.885,0.0314939352378233
-1.6,51.4,27.295,0.0278331540332326
-1.4,51.4,27.295,0.0278331540332326
-1.2,51.4,27.295,0.0278331540332326
-1,51.4,33.83,0.0344969994850433
-0.8,51.4,56.055,0.0571601923184778
-0.6,51.4,27.295,0.0278331540332326
-0.4,51.4,27.295,0.0278331540332326
-0.2,51.4,27.295,0.0278331540332326
0,51.4,28.105,0.0286591241657447
0.2,51.4,31.82,0.0324473698969577
0.4,51.4,42.355,0.0431900802006802
0.6,51.4,55.055,0.0561404761054998
0.8,51.4,78.045,0.0795837518418624
1,51.4,109.25,0.111403996267839
1.2,51.4,126.1,0.128586214456517
-4.2,51.6,84.855,0.0865280192522421
-4,51.6,90.225,0.0920038953159336
-3.8,51.6,90.225,0.0920038953159336
-3.6,51.6,90.225,0.0920038953159336
-3.4,51.6,90.225,0.0920038953159336
-3.2,51.6,90.225,0.0920038953159336
-3,51.6,94.645,0.096511040977296
-2.8,51.6,90.225,0.0920038953159336
-2.6,51.6,92.145,0.0939617504448512
-2.4,51.6,82.545,0.0841724748002631
-2.2,51.6,71.34,0.0727465546338454
-2,51.6,49.175,0.0501445447731896
-1.8,51.6,40.065,0.0408549300729607
-1.6,51.6,31.78,0.0324065812484386
-1.4,51.6,28.315,0.02887326457047
-1.2,51.6,28.315,0.02887326457047
-1,51.6,28.315,0.02887326457047
-0.8,51.6,28.315,0.02887326457047
-0.6,51.6,28.315,0.02887326457047
-0.4,51.6,22.63,0.0230761778996905
-0.2,51.6,22.905,0.0233565998582594
0,51.6,24.3,0.0247791039753637
0.2,51.6,25.615,0.0261200307954296
0.4,51.6,30.35,0.0309483870638801
0.6,51.6,47.355,0.0482886612655698
0.8,51.6,65.135,0.0664192155323174
-5,51.8,71.17,0.0725732028776392
-4.8,51.8,76.73,0.0782428250217964
-4.6,51.8,79.72,0.0812917764986004
-4.4,51.8,78.07,0.0796092447471868
-4.2,51.8,96.01,0.0979029536080109
-4,51.8,73.64,0.0750919019236946
-3.8,51.8,90.93,0.092722795246083
-3.6,51.8,94.23,0.0960878587489102
-3.4,51.8,94.23,0.0960878587489102
-3.2,51.8,94.23,0.0960878587489102
-3,51.8,82.275,0.0838971514227591
-2.8,51.8,57.425,0.0585572035302575
-2.6,51.8,50.51,0.0515058659175152
-2.4,51.8,47.1,0.0480286336312604
-2.2,51.8,45.21,0.0461013699887321
-2,51.8,45.21,0.0461013699887321
-1.8,51.8,41.02,0.0418287590563546
-1.6,51.8,31.28,0.0318967231419496
-1.4,51.8,26.34,0.0268593250498386
-1.2,51.8,23.83,0.024299837355264
-1,51.8,23.83,0.024299837355264
-0.8,51.8,23.19,0.0236472189789582
-0.6,51.8,23.19,0.0236472189789582
-0.4,51.8,23.19,0.0236472189789582
-0.2,51.8,23.19,0.0236472189789582
0,51.8,24.32,0.0247994982996232
0.2,51.8,26.21,0.0267267619421515
0.4,51.8,37.295,0.0380303161630118
0.6,51.8,45.725,0.0466265238384158
0.8,51.8,54.15,0.0552176329327548
1,51.8,74.47,0.0759382663804663
-5,52,49.74,0.0507206844335222
-4.8,52,54.975,0.0560588988084616
-4.6,52,58.54,0.0596941871077279
-4.4,52,73.235,0.0746789168574386
-4.2,52,96.045,0.0979386436754651
-4,52,102.995,0.105025671355662
-3.8,52,96.045,0.0979386436754651
-3.6,52,86.215,0.0879148333018921
-3.4,52,94.315,0.0961745346270133
-3.2,52,94.315,0.0961745346270133
-3,52,78.175,0.0797163149495495
-2.8,52,78.175,0.0797163149495495
-2.6,52,53.005,0.0540500578688951
-2.4,52,48.55,0.0495072221400784
-2.2,52,45.82,0.0467233968786487
-2,52,45.82,0.0467233968786487
-1.8,52,42.315,0.043149291552161
-1.6,52,49.095,0.0500629674761514
-1.4,52,37.615,0.0383566253511648
-1.2,52,39.95,0.0407376627084682
-1,52,31.025,0.0316366955076402
-0.8,52,24.29,0.0247689068132339
-0.6,52,23.435,0.0238970494511377
-0.4,52,23.435,0.0238970494511377
-0.2,52,23.435,0.0238970494511377
0,52,23.435,0.0238970494511377
0.2,52,24.715,0.0252022862037495
0.4,52,32.34,0.0329776223277062
0.6,52,35.225,0.0359195036021475
0.8,52,39.845,0.0406305925061056
1,52,46.595,0.0475136769437066
1.2,52,55.98,0.0570837136025044
1.4,52,76.25,0.077753361239567
-4.2,52.2,60.4,0.0615908592638669
-4,52.2,108.45,0.110588223297456
-3.8,52.2,102.15,0.104164011155695
-3.6,52.2,102.15,0.104164011155695
-3.4,52.2,90.945,0.0927380909892777
-3.2,52.2,82.495,0.0841214889896142
-3,52.2,59.22,0.0603875941325529
-2.8,52.2,53.805,0.0548658308392774
-2.6,52.2,51,0.0520055268618743
-2.4,52.2,50.165,0.0511540638240378
-2.2,52.2,50.165,0.0511540638240378
-2,52.2,48.555,0.0495123207211433
-1.8,52.2,53.905,0.0549678024605752
-1.6,52.2,50.485,0.0514803730121907
-1.4,52.2,40.08,0.0408702258161554
-1.2,52.2,41.4,0.0422162512172862
-1,52.2,40.435,0.0412322250717625
-0.8,52.2,40.08,0.0408702258161554
-0.6,52.2,30.82,0.0314276536839797
-0.4,52.2,23.585,0.0240500068830844
-0.2,52.2,24.495,0.0249779486368944
0,52.2,25.64,0.0261455237007541
0.2,52.2,25.64,0.0261455237007541
0.4,52.2,26.475,0.0269969867385907
0.6,52.2,30.185,0.0307801338887388
0.8,52.2,30.245,0.0308413168615174
1,52.2,34.04,0.0347111398897687
1.2,52.2,38.035,0.0387849061606155
1.4,52.2,46.375,0.0472893393768514
1.6,52.2,48.195,0.0491452228844713
-4,52.4,57.48,0.0586132879219713
-3.8,52.4,63.765,0.0650222043205376
-3.6,52.4,100.555,0.102537563795996
-3.4,52.4,87.79,0.0895208863373323
-3.2,52.4,83,0.084636445677168
-3,52.4,59.98,0.0611625784544161
-2.8,52.4,57.53,0.0586642737326202
-2.6,52.4,51.53,0.0525459764547526
-2.4,52.4,48.275,0.0492268001815095
-2.2,52.4,48.2,0.0491503214655361
-2,52.4,48.2,0.0491503214655361
-1.8,52.4,54.025,0.0550901684061326
-1.6,52.4,56.78,0.0578994865728868
-1.4,52.4,42.815,0.04365914965865
-1.2,52.4,45.825,0.0467284954597136
-1,52.4,42.515,0.0433532347947566
-0.8,52.4,42.515,0.0433532347947566
-0.6,52.4,40.41,0.0412067321664381
-0.4,52.4,31.165,0.0317794557774571
-0.2,52.4,27.335,0.0278739426817517
0,52.4,22.25,0.0226886857387589
0.2,52.4,22.25,0.0226886857387589
0.4,52.4,25.785,0.0262933825516359
0.6,52.4,26.525,0.0270479725492395
0.8,52.4,26.705,0.0272315214675756
1,52.4,30.575,0.0311778232118002
1.2,52.4,26.795,0.0273232959267436
1.4,52.4,33.315,0.0339718456353597
1.6,52.4,34.205,0.03487939306491
-4,52.6,59.62,0.0607954806177441
-3.8,52.6,55.96,0.0570633192782449
-3.6,52.6,59.095,0.0602601296059307
-3.4,52.6,54.15,0.0552176329327548
-3.2,52.6,54.15,0.0552176329327548
-3,52.6,53.96,0.055023886852289
-2.8,52.6,55.56,0.0566554327930537
-2.6,52.6,48.655,0.0496142923424411
-2.4,52.6,51.18,0.0521890757802104
-2.2,52.6,41.605,0.0424252930409467
-2,52.6,55.665,0.0567625029954164
-1.8,52.6,66.59,0.0679029026222003
-1.6,52.6,65.67,0.0669647637062605
-1.4,52.6,65.67,0.0669647637062605
-1.2,52.6,65.67,0.0669647637062605
-1,52.6,61.285,0.0624933081123523
-0.8,52.6,61.285,0.0624933081123523
-0.6,52.6,60.605,0.0617999010875273
-0.4,52.6,40.75,0.0415534356788506
-0.2,52.6,36.79,0.037515359475458
0,52.6,22.37,0.0228110516843163
0.2,52.6,21.31,0.0217301524985597
0.4,52.6,21.3,0.0217199553364299
0.6,52.6,21.26,0.0216791666879108
0.8,52.6,24.79,0.0252787649197228
1,52.6,25.715,0.0262220024167274
1.2,52.6,22.175,0.0226122070227856
1.4,52.6,23.975,0.0244476962061458
1.6,52.6,23.91,0.0243814146523023
-4,52.8,60.355,0.0615449720342829
-3.8,52.8,60.685,0.0618814783845656
-3.6,52.8,57.92,0.0590619630556816
-3.4,52.8,58.01,0.0591537375148496
-3.2,52.8,53.34,0.0543916628002427
-3,52.8,53.34,0.0543916628002427
-2.8,52.8,52.89,0.0539327905044026
-2.6,52.8,64.93,0.0662101737086569
-2.4,52.8,54.545,0.0556204208368811
-2.2,52.8,52.37,0.0534025380736541
-2,52.8,65.07,0.0663529339784738
-1.8,52.8,64.52,0.0657920900613359
-1.6,52.8,64.4,0.0656697241157786
-1.4,52.8,64.4,0.0656697241157786
-1.2,52.8,64.52,0.0657920900613359
-1,52.8,59.455,0.0606272274426027
-0.8,52.8,63.125,0.0643695859442317
-0.6,52.8,63.325,0.0645735291868273
-0.4,52.8,42.18,0.043011629863409
-0.2,52.8,43.23,0.0440823318870358
0,52.8,42.18,0.043011629863409
0.2,52.8,37.685,0.0384280054860732
0.4,52.8,40.105,0.0408957187214798
0.6,52.8,43.255,0.0441078247923603
0.8,52.8,27.46,0.0280014072083739
1,52.8,38.035,0.0387849061606155
1.2,52.8,33.25,0.0339055640815161
1.4,52.8,22.97,0.023422881412103
-4.4,53,68.69,0.0700443066694539
-4.2,53,69.51,0.0708804739640958
-4,53,113.95,0.116196662468835
-3.8,53,91.655,0.093462089500492
-3.6,53,106.35,0.108446819250203
-3.4,53,55.17,0.0562577434699923
-3.2,53,107.15,0.109262592220585
-3,53,54.58,0.0556561109043353
-2.8,53,64.125,0.0653893021572096
-2.6,53,53.81,0.0548709294203423
-2.4,53,65.5,0.0667914119500543
-2.2,53,73.58,0.075030718950916
-2,53,72.055,0.0734756517261246
-1.8,53,78.625,0.0801751872453896
-1.6,53,79.575,0.0811439176477187
-1.4,53,79.205,0.0807666226489168
-1.2,53,79.205,0.0807666226489168
-1,53,79.205,0.0807666226489168
-0.8,53,86.13,0.087828157423789
-0.6,53,83.37,0.0850137406759699
-0.4,53,83.37,0.0850137406759699
-0.2,53,83.37,0.0850137406759699
0,53,83.37,0.0850137406759699
-4.4,53.2,68.48,0.0698301662647285
-4.2,53.2,128.95,0.131492405663504
-4,53.2,128.95,0.131492405663504
-3.8,53.2,74.565,0.0760351394206992
-3.6,53.2,74.565,0.0760351394206992
-3.4,53.2,75.43,0.0769171939449251
-3.2,53.2,51.605,0.052622455170726
-3,53.2,69.145,0.0705082775463588
-2.8,53.2,48.035,0.0489820682903948
-2.6,53.2,46.85,0.0477737045780159
-2.4,53.2,64.19,0.0654555837110532
-2.2,53.2,73.56,0.0750103246266564
-2,53.2,80.285,0.081867916158933
-1.8,53.2,78.835,0.080389327650115
-1.6,53.2,81.075,0.0826734919671855
-1.4,53.2,79.365,0.0809297772429933
-1.2,53.2,81.15,0.0827499706831589
-1,53.2,81.15,0.0827499706831589
-0.8,53.2,84.17,0.0858295136463522
-0.6,53.2,84.205,0.0858652037138064
-0.4,53.2,84.205,0.0858652037138064
-0.2,53.2,84.205,0.0858652037138064
0,53.2,84.205,0.0858652037138064
0.2,53.2,84.205,0.0858652037138064
-4.4,53.4,126.6,0.129096072563006
-3.2,53.4,63.295,0.064542937700438
-3,53.4,61.075,0.062279167707627
-2.8,53.4,42.735,0.0435775723616118
-2.6,53.4,39.715,0.0404980293984184
-2.4,53.4,44.48,0.0453569771532582
-2.2,53.4,63.005,0.0642472199986744
-2,53.4,69.105,0.0704674888978397
-1.8,53.4,76.89,0.0784059796158729
-1.6,53.4,79.19,0.0807513269057221
-1.4,53.4,79.19,0.0807513269057221
-1.2,53.4,81.31,0.0829131252772353
-1,53.4,88.04,0.0897758153905768
-0.8,53.4,86.405,0.0881085793823579
-0.6,53.4,86.405,0.0881085793823579
-0.4,53.4,86.405,0.0881085793823579
-0.2,53.4,86.405,0.0881085793823579
0,53.4,86.405,0.0881085793823579
0.2,53.4,86.405,0.0881085793823579
-3,53.6,63.275,0.0645225433761784
-2.8,53.6,38.73,0.0394936089286352
-2.6,53.6,58.2,0.0593474835953154
-2.4,53.6,37.19,0.0379232459606492
-2.2,53.6,63.71,0.0649661199288238
-2,53.6,69.58,0.0709518540990042
-1.8,53.6,76.495,0.0780031917117466
-1.6,53.6,78.19,0.0797316106927442
-1.4,53.6,78.19,0.0797316106927442
-1.2,53.6,84.935,0.0866095965492803
-1,53.6,89.86,0.0916316988981966
-0.8,53.6,69.59,0.070962051261134
-0.6,53.6,90.645,0.0924321761253843
-0.4,53.6,90.645,0.0924321761253843
-0.2,53.6,90.645,0.0924321761253843
-3,53.8,63.28,0.0645276419572433
-2.8,53.8,61.425,0.0626360683821692
-2.6,53.8,61.305,0.0625137024366119
-2.4,53.8,61.305,0.0625137024366119
-2.2,53.8,42.03,0.0428586724314623
-2,53.8,56.92,0.0580422468427037
-1.8,53.8,61.995,0.0632173066235667
-1.6,53.8,59.435,0.0606068331183432
-1.4,53.8,77.195,0.0787169930608312
-1.2,53.8,58.725,0.0598828346071288
-1,53.8,67.115,0.0684382536340137
-0.8,53.8,71.865,0.0732819056456588
-0.6,53.8,92.305,0.0941249050389277
-0.4,53.8,92.305,0.0941249050389277
-0.2,53.8,92.305,0.0941249050389277
-2.8,54,69.26,0.0706255449108513
-2.6,54,64.525,0.0657971886424008
-2.4,54,68.49,0.0698403634268583
-2.2,54,53.55,0.0546058032049681
-2,54,49.55,0.0505269383530563
-1.8,54,55.905,0.0570072348865311
-1.6,54,57,0.0581238241397419
-1.4,54,54.09,0.0551564499599761
-1.2,54,41.475,0.0422927299332596
-1,54,69.22,0.0705847562623322
-0.8,54,69.85,0.0712271774765083
-0.6,54,69.85,0.0712271774765083
-0.4,54,70.595,0.0719868660551768
-0.2,54,91.515,0.0933193292306751
-7.6,54.2,0.6837,0.00069717997481301
-7.4,54.2,3.5735,0.00364395588707663
-6.6,54.2,6.713,0.00684535493772083
-6.4,54.2,8.2155,0.00837747854772017
-6.2,54.2,9.741,0.009933055630618
-6,54.2,9.777,0.0099697654142852
-3.2,54.2,62.08,0.0633039825016698
-3,54.2,63.505,0.0647570781051633
-2.8,54.2,51.23,0.0522400615908593
-2.6,54.2,73,0.0744392835473888
-2.4,54.2,54.74,0.0558192654984118
-2.2,54.2,54.74,0.0558192654984118
-2,54.2,55.27,0.0563597150912901
-1.8,54.2,49.975,0.050960317743572
-1.6,54.2,51.13,0.0521380899695615
-1.4,54.2,51.13,0.0521380899695615
-1.2,54.2,51.13,0.0521380899695615
-1,54.2,25.005,0.0254980039055131
-0.8,54.2,35.925,0.0366333049512321
-0.6,54.2,67.115,0.0684382536340137
-0.4,54.2,67.935,0.0692744209286556
-8,54.4,0.69155,0.00070518474708488
-7.8,54.4,3.5145,0.00358379263051093
-7.6,54.4,4.1695,0.00425170675001147
-7.4,54.4,4.8785,0.00497468554501282
-7.2,54.4,4.845,0.00494052505187806
-6.8,54.4,7.6055,0.00775545165780363
-6.6,54.4,7.319,0.00746330296278546
-6.4,54.4,7.351,0.00749593388160075
-6.2,54.4,8.242,0.00840450102736408
-6,54.4,9.3825,0.00956748736826541
-5.8,54.4,8.651,0.00882156495847206
-5.6,54.4,8.649,0.0088195255260461
-3.4,54.4,98.485,0.100426751235131
-3.2,54.4,98.485,0.100426751235131
-3,54.4,64.21,0.0654759780353128
-2.8,54.4,76.305,0.0778094456312808
-2.6,54.4,51.595,0.0526122580085962
-2.4,54.4,55.195,0.0562832363753168
-2.2,54.4,55.195,0.0562832363753168
-2,54.4,54.62,0.0556968995528544
-1.8,54.4,48.235,0.0491860115329904
-1.6,54.4,47.965,0.0489106881554863
-1.4,54.4,47.965,0.0489106881554863
-1.2,54.4,26.515,0.0270377753871098
-1,54.4,25.56,0.0260639464037158
-0.8,54.4,24.525,0.0250085401232837
-0.6,54.4,27.315,0.0278535483574921
-7.6,54.6,4.921,0.00501802348406439
-7.4,54.6,4.957,0.00505473326773159
-7.2,54.6,7.209,0.00735113417935788
-7,54.6,7.3245,0.00746891140195683
-6.8,54.6,7.393,0.00753876196254582
-6.6,54.6,7.3175,0.00746177338846599
-6.4,54.6,7.379,0.00752448593556413
-6.2,54.6,6.7855,0.00691928436316173
-6,54.6,7.5295,0.00767795322561731
-5.8,54.6,7.685,0.00783651909673538
-5.6,54.6,8.645,0.00881544666119419
-3.4,54.6,104.35,0.106407386824247
-3.2,54.6,104.35,0.106407386824247
-3,54.6,104.35,0.106407386824247
-2.8,54.6,76.365,0.0778706286040595
-2.6,54.6,76.365,0.0778706286040595
-2.4,54.6,56.515,0.0576292617764476
-2.2,54.6,56.515,0.0576292617764476
-2,54.6,56.515,0.0576292617764476
-1.8,54.6,48.84,0.049802939841842
-1.6,54.6,35.575,0.0362764042766898
-1.4,54.6,25.435,0.0259364818770936
-1.2,54.6,21.99,0.0224235595233846
-1,54.6,21.39,0.0218117297955979
-7.4,54.8,7.3675,0.00751275919911489
-7.2,54.8,7.4665,0.0076137111041997
-7,54.8,7.528,0.00767642365129784
-6.8,54.8,7.5835,0.00773301790111812
-6.6,54.8,7.5835,0.00773301790111812
-6.4,54.8,7.5545,0.00770344613094176
-6.2,54.8,7.3545,0.00749950288834617
-6,54.8,7.5635,0.00771262357685856
-5.8,54.8,7.571,0.00772027144845589
-5,54.8,8.2415,0.0084039911692576
-4.6,54.8,11.765,0.0119969612456853
-4.4,54.8,24.285,0.024763808232169
-4,54.8,58.145,0.0592913992036016
-3.4,54.8,107.1,0.109211606409936
-3.2,54.8,107.1,0.109211606409936
-3,54.8,79.945,0.0815212126465205
-2.8,54.8,77.18,0.0787016973176365
-2.6,54.8,57.065,0.0581901056935855
-2.4,54.8,57.065,0.0581901056935855
-2.2,54.8,57.065,0.0581901056935855
-2,54.8,48.43,0.0493848561945211
-1.8,54.8,24.755,0.0252430748522686
-1.6,54.8,20.515,0.0209194781092422
-1.4,54.8,20.27,0.0206696476370626
-7.2,55,7.688,0.00783957824537431
-7,55,7.688,0.00783957824537431
-6.8,55,7.698,0.00784977540750409
-6.6,55,7.703,0.00785487398856898
-6.4,55,7.608,0.00775800094833608
-6.2,55,8.344,0.00850851208108783
-6,55,9.802,0.00999525831960965
-5,55,7.209,0.00735113417935788
-4.8,55,9.697,0.00988818811724697
-4.6,55,12.31,0.0125527065817583
-4.4,55,26.06,0.0265738045102048
-4.2,55,35.98,0.0366893893429459
-4,55,52.3,0.0533311579387456
-3.8,55,85.855,0.08754773546522
-3.6,55,64.845,0.0661234978305538
-3.4,55,103.7,0.105744571285811
-3.2,55,103.7,0.105744571285811
-3,55,77.82,0.0793543156939424
-2.8,55,51.51,0.0525255821304931
-2.6,55,58.26,0.0594086665680941
-2.4,55,58.26,0.0594086665680941
-2.2,55,48.155,0.0491044342359521
-2,55,29.615,0.0301988956473413
-1.8,55,26.095,0.026609494577659
-1.6,55,17.435,0.0177787521732702
-1.4,55,14.225,0.014505463129611
-6.6,55.2,8.2895,0.00845293754748054
-6.4,55.2,10.385,0.0105897528717758
-6.2,55.2,10.625,0.0108344847628905
-4.8,55.2,27.57,0.0281135759918015
-4.6,55.2,15.79,0.0161013190029215
-4.4,55.2,17.9,0.0182529202123049
-4.2,55.2,22.685,0.0231322622914043
-4,55.2,30.565,0.0311676260496704
-3.8,55.2,85.84,0.0875324397220254
-3.6,55.2,56.34,0.0574508114391765
-3.4,55.2,63.25,0.064497050470854
-3.2,55.2,66.075,0.0673777487725166
-3,55.2,66.075,0.0673777487725166
-2.8,55.2,49.74,0.0507206844335222
-2.6,55.2,49.74,0.0507206844335222
-2.4,55.2,49.74,0.0507206844335222
-2.2,55.2,29.92,0.0305099090922996
-2,55.2,25.065,0.0255591868782918
-1.8,55.2,14.065,0.0143423085355346
-1.6,55.2,8.81,0.00898369983633555
-5.6,55.4,60.08,0.0612645500757139
-4.6,55.4,31.075,0.0316876813182891
-4.4,55.4,27.795,0.0283430121397215
-4.2,55.4,15.665,0.0159738544762992
-4,55.4,27.21,0.0277464781551294
-3.8,55.4,40.82,0.041624815813759
-3.6,55.4,31.29,0.0319069203040794
-3.4,55.4,51.865,0.0528875813861003
-3.2,55.4,66.52,0.0678315224872918
-3,55.4,66.52,0.0678315224872918
-2.8,55.4,66.52,0.0678315224872918
-2.6,55.4,66.52,0.0678315224872918
-2.4,55.4,36.91,0.0376377254210153
-2.2,55.4,35.585,0.0362866014388196
-2,55.4,27.85,0.0283990965314353
-1.8,55.4,15.205,0.0155047850183294
-1.6,55.4,7.9045,0.00806034680548403
-5.6,55.6,101.425,0.103424716901286
-5.4,55.6,101.425,0.103424716901286
-5.2,55.6,103.25,0.105285698989971
-4.6,55.6,73.79,0.0752448593556413
-4.4,55.6,33.31,0.0339667470542948
-4.2,55.6,16.5,0.0168253175141358
-4,55.6,12.58,0.0128280299592623
-3.8,55.6,13.46,0.0137253802266829
-3.6,55.6,13.335,0.0135979157000607
-3.4,55.6,22.82,0.0232699239801563
-3.2,55.6,56,0.057104107926764
-3,55.6,56,0.057104107926764
-2.8,55.6,65.755,0.0670514395843637
-2.6,55.6,35.975,0.036684290761881
-2.4,55.6,38.505,0.0392641727807151
-2.2,55.6,29.69,0.0302753743633147
-2,55.6,15.065,0.0153620247485125
-1.8,55.6,7.8635,0.00801853844075194
-6.4,55.8,29.805,0.0303926417278072
-6.2,55.8,36.385,0.0371023744092019
-6,55.8,69.655,0.0710283328149776
-5.6,55.8,102.275,0.104291475682318
-5.4,55.8,102.275,0.104291475682318
-5.2,55.8,102.275,0.104291475682318
-5,55.8,102.275,0.104291475682318
-4.8,55.8,102.275,0.104291475682318
-4.6,55.8,75.89,0.077386263402895
-4.4,55.8,33.28,0.0339361555679055
-4.2,55.8,29.09,0.0296635446355279
-4,55.8,29.09,0.0296635446355279
-3.8,55.8,18.5,0.0188647499400917
-3.6,55.8,18.43,0.0187933698051832
-3.4,55.8,18.43,0.0187933698051832
-3.2,55.8,19.33,0.0197111143968634
-3,55.8,22.25,0.0226886857387589
-2.8,55.8,33.53,0.0341910846211499
-2.6,55.8,23.31,0.0237695849245155
-2.4,55.8,9.568,0.00975664472577282
-2.2,55.8,8.62,0.00878995375586974
-6,56,89.26,0.0910198691704099
-5.8,56,100.1,0.102073592919091
-5.6,56,102.4,0.10441894020894
-5.4,56,102.4,0.10441894020894
-5.2,56,102.4,0.10441894020894
-5,56,102.4,0.10441894020894
-4.8,56,101.185,0.103179985010172
-4.6,56,59.615,0.0607903820366792
-4.4,56,42.99,0.0438375999959211
-4.2,56,48.48,0.04943584200517
-4,56,33.11,0.0337628038116992
-3.8,56,33.11,0.0337628038116992
-3.6,56,33.11,0.0337628038116992
-3.4,56,33.11,0.0337628038116992
-3.2,56,19.265,0.0196448328430198
-2.8,56,10.87,0.0110843152350701
-2.6,56,8.446,0.00861252313481158
-5.6,56.2,98.575,0.100518525694299
-5.4,56.2,98.575,0.100518525694299
-5.2,56.2,98.575,0.100518525694299
-5,56.2,98.575,0.100518525694299
-4.8,56.2,64.2,0.065465780873183
-4.6,56.2,34.56,0.0352413923205172
-4.4,56.2,61.57,0.062783927233051
-4.2,56.2,61.57,0.062783927233051
-4,56.2,61.57,0.062783927233051
-3.8,56.2,61.57,0.062783927233051
-3.6,56.2,61.57,0.062783927233051
-3.4,56.2,36,0.0367097836672054
-3.2,56.2,36,0.0367097836672054
-3,56.2,24.725,0.0252124833658793
-2.8,56.2,13.07,0.0133276909036215
-6,56.4,77.42,0.0789464292087512
-5.8,56.4,80.23,0.0818118317672192
-5.4,56.4,92.755,0.0945837773347677
-5.2,56.4,61.97,0.0631918137182422
-5,56.4,38.29,0.0390449337949249
-4.8,56.4,38.15,0.038902173525108
-4.6,56.4,27.785,0.0283328149775917
-4.4,56.4,29.625,0.0302090928094711
-4.2,56.4,61.14,0.0623454492614705
-4,56.4,61.14,0.0623454492614705
-3.8,56.4,61.21,0.062416829396379
-3.6,56.4,37.675,0.0384178083239434
-3.4,56.4,37.675,0.0384178083239434
-3.2,56.4,24.565,0.0250493287718028
-3,56.4,12.43,0.0126750725273156
-2.8,56.4,6.387,0.00651292745229003
-6.2,56.6,34.525,0.035205702253063
-6,56.6,41.39,0.0422060540551564
-5.8,56.6,80.31,0.0818934090642574
-5.6,56.6,81.95,0.0835657436535412
-5.4,56.6,81.95,0.0835657436535412
-5.2,56.6,81.95,0.0835657436535412
-5,56.6,39.73,0.0405133251416131
-4.8,56.6,39.09,0.0398607067653072
-4.6,56.6,24.32,0.0247994982996232
-4.4,56.6,20.34,0.0207410277719711
-4.2,56.6,21.78,0.0222094191186593
-4,56.6,21.78,0.0222094191186593
-3.8,56.6,21.685,0.0221125460784264
-3.6,56.6,15.51,0.0158157984632877
-3.4,56.6,13.34,0.0136030142811256
-3.2,56.6,9.003,0.00918050506544029
-3,56.6,7.4385,0.00758515905023632
-2.8,56.6,7.1775,0.00731901311864908
-2.6,56.6,6.4465,0.00657360056696221
-7.6,56.8,7.2465,0.00738937353734456
-5.8,56.8,46.555,0.0474728882951874
-5.6,56.8,49.25,0.050221023489163
-5.4,56.8,82.15,0.0837696868961368
-5.2,56.8,83.235,0.0848760789872179
-5,56.8,49.49,0.0504657553802777
-4.8,56.8,35.23,0.0359246021832124
-4.6,56.8,34.405,0.0350833363075056
-4.4,56.8,33.375,0.0340330286081384
-4.2,56.8,31.11,0.0317233713857433
-4,56.8,16.74,0.0170700494052505
-3.8,56.8,9.198,0.00937934972697099
-3.6,56.8,8.6715,0.00884246914083811
-3.4,56.8,7.4455,0.00759229706372716
-3.2,56.8,7.2905,0.00743424105071559
-3,56.8,7.3685,0.00751377891532786
-2.8,56.8,6.5355,0.00666435530991725
-2.6,56.8,6.15,0.00627125470981426
-2.4,56.8,5.021,0.00511999510536218
-7.4,57,7.6905,0.00784212753590676
-5.8,57,44.6,0.0454793430988156
-5.6,57,64.97,0.066250962357176
-5.4,57,66.755,0.0680711557973416
-5.2,57,66.755,0.0680711557973416
-5,57,76.665,0.0781765434679529
-4.8,57,76.81,0.0783244023188347
-4.6,57,69.575,0.0709467555179394
-4.4,57,49.215,0.0501853334217087
-4.2,57,34.09,0.0347621257004176
-4,57,29.775,0.0303620502414178
-3.8,57,16.995,0.0173300770395599
-3.6,57,9.241,0.00942319752412903
-3.4,57,8.985,0.00916215017360669
-3.2,57,7.8035,0.00795735546797326
-3,57,6.241,0.00636404888519525
-2.8,57,6.088,0.00620803230460963
-2.6,57,5.384,0.00549015209067317
-2.4,57,5.3625,0.00546822819209414
-2.2,57,5.1755,0.00527754126026727
-7.4,57.2,6.736,0.00686880841061932
-6.2,57.2,27.485,0.0280269001136984
-6,57.2,34.74,0.0354249412388532
-5.8,57.2,47.085,0.0480133378880658
-5.6,57.2,48.32,0.0492726874110935
-5.4,57.2,61.34,0.0625493925040661
-5.2,57.2,65.735,0.0670310452601041
-5,57.2,75.145,0.0766265748242264
-4.8,57.2,75.19,0.0766724620538104
-4.6,57.2,75.66,0.0771517286739101
-4.4,57.2,74.855,0.0763308571224628
-4.2,57.2,48.62,0.0495786022749869
-4,57.2,33.96,0.0346295625927304
-3.8,57.2,32.245,0.0328807492874733
-3.6,57.2,15.19,0.0154894892751347
-3.4,57.2,12.38,0.0126240867166668
-3.2,57.2,9.104,0.00928349640295106
-3,57.2,6.691,0.00682292118103532
-2.8,57.2,6.057,0.00617642110200731
-2.6,57.2,5.513,0.00562169548214732
-2.4,57.2,5.9585,0.00607597905502899
-2.2,57.2,5.95,0.00606731146721867
-7.4,57.4,4.9705,0.00506849943660679
-7.2,57.4,5.0815,0.00518168793624734
-6.6,57.4,6.779,0.00691265620777738
-6.4,57.4,9.0765,0.00925545420709417
-6.2,57.4,27.775,0.028322617815462
-6,57.4,28,0.028552053963382
-5.8,57.4,43.545,0.0444035424941239
-5.6,57.4,49.685,0.0506646000418084
-5.4,57.4,65.595,0.0668882849902872
-5.2,57.4,75.005,0.0764838145544095
-5,57.4,75.005,0.0764838145544095
-4.8,57.4,95.265,0.0971432650293423
-4.6,57.4,95.265,0.0971432650293423
-4.4,57.4,95.265,0.0971432650293423
-4.2,57.4,76.855,0.0783702895484187
-4,57.4,42.935,0.0437815156042074
-3.8,57.4,33.675,0.0343389434720317
-3.6,57.4,23.96,0.0244324004629512
-3.4,57.4,12.585,0.0128331285403272
-3.2,57.4,11.89,0.0121244257723076
-3,57.4,7.755,0.00790789923164383
-2.8,57.4,6.131,0.00625188010176768
-2.6,57.4,6.3285,0.00645327405383082
-2.4,57.4,6.346,0.00647111908755793
-2.2,57.4,6.314,0.00643848816874264
-2,57.4,5.862,0.00597757644047662
-7.4,57.6,4.308,0.00439293744550891
-7.2,57.6,4.7805,0.00487475335614099
-6.6,57.6,6.2445,0.00636761789194067
-6.4,57.6,7.8135,0.00796755263010304
-6.2,57.6,9.7575,0.00994988094813213
-5.8,57.6,35.43,0.036128545425808
-5.6,57.6,49.225,0.0501955305838385
-5.4,57.6,49.225,0.0501955305838385
-5.2,57.6,54.1,0.0551666471221059
-5,57.6,79.345,0.0809093829187337
-4.8,57.6,71.2,0.0726037943640285
-4.6,57.6,98.315,0.100253399478925
-4.4,57.6,71.975,0.0733940744290864
-4.2,57.6,69.945,0.0713240505167412
-4,57.6,35.935,0.0366435021133619
-3.8,57.6,21.84,0.022270602091438
-3.6,57.6,9.8075,0.010000866758781
-3.4,57.6,9.261,0.00944359184838859
-3.2,57.6,7.704,0.00785589370478196
-3,57.6,5.7325,0.00584552319089597
-2.8,57.6,6.1305,0.00625137024366119
-2.6,57.6,6.251,0.00637424604732503
-2.4,57.6,6.383,0.00650884858743812
-2.2,57.6,6.2045,0.00632682924342156
-2,57.6,6.1505,0.00627176456792075
-7.2,57.8,3.9965,0.00407529584516629
-7,57.8,4.153,0.00423488143249734
-6.8,57.8,5.0385,0.00513784013908929
-5.8,57.8,35.195,0.0358889121157582
-5.6,57.8,35.195,0.0358889121157582
-5.4,57.8,41.25,0.0420632937853395
-5.2,57.8,49.88,0.0508634447033391
-5,57.8,57.895,0.0590364701503572
-4.8,57.8,73.32,0.0747655927355417
-4.6,57.8,69.115,0.0704776860599695
-4.4,57.8,66.535,0.0678468182304865
-4.2,57.8,37.695,0.038438202648203
-4,57.8,25.2,0.0256968485670438
-7,58,4.4015,0.00448828091142235
-6.8,58,4.8255,0.00492064058572499
-6.6,58,5.26,0.0053637072802639
-6.4,58,6.6775,0.00680915501216012
-5.4,58,35.21,0.0359042078589529
-5.2,58,40.875,0.0416809002054728
-5,58,37.2,0.0379334431227789
-4.8,58,26.09,0.0266043959965942
-4.6,58,24.53,0.0250136387043486
-4.4,58,28.755,0.0293219397041803
-4.2,58,25,0.0254929053244482
-4,58,17.34,0.0176818791330373
-7,58.2,4.981,0.00507920645684306
-6.8,58.2,5.5805,0.00569052632652333
-6.6,58.2,5.59,0.00570021363054662
-6.4,58.2,5.64,0.00575119944119552
-6.2,58.2,5.9655,0.00608311706851983
-5.4,58.2,13.135,0.0133939724574651
-5.2,58.2,9.835,0.0100289089546379
-5,58.2,8.066,0.00822503097387997
-4.8,58.2,7.827,0.00798131879897824
-4.6,58.2,8.2255,0.00838767570984995
-4.4,58.2,8.1235,0.0082836646561262
-4.2,58.2,6.863,0.00699831236966752
-4,58.2,10.765,0.0109772450327074
-3.8,58.2,7.7405,0.00789311334655565
-3.6,58.2,6.199,0.00632122080425018
-6.4,58.4,7.391,0.00753672253011987
-6.2,58.4,7.578,0.00772740946194674
-5.2,58.4,6.852,0.00698709549132477
-5,58.4,6.694,0.00682598032967425
-4.8,58.4,6.343,0.006468059938919
-4.6,58.4,5.8745,0.00599032289313884
-4.4,58.4,5.3585,0.00546414932724223
-4.2,58.4,5.0995,0.00520004282808095
-4,58.4,4.3005,0.00438528957391158
-3.8,58.4,4.7325,0.00482580697791805
-3.6,58.4,5.308,0.00541265365848684
-3.4,58.4,5.7055,0.00581799085314557
-3.2,58.4,7.647,0.00779776988064222
-5,58.6,6.138,0.00625901811525852
-4.8,58.6,6.102,0.00622230833159132
-4,58.6,4.6925,0.00478501832939893
-3.8,58.6,5.018,0.00511693595672324
-3.6,58.6,5.5865,0.0056966446238012
-3.4,58.6,6.0825,0.00620242386543825
-3.2,58.6,5.962,0.00607954806177441
-3.2,58.8,5.6385,0.00574966986687605
-3,58.8,5.054,0.00515364574039045
-3.2,59,3.113,0.00317437657100029
-3,59,3.2195,0.00328297634768244
-2.8,59,3.548,0.00361795312364569
